Query,Surf,,,,,,,,,,,,,,,
information security policy,KB0041619,KB0071444,KB0071445,KB0041619,KB0072067,,,,,,,,,,,
need help with my zscaler configuration.,KB0056348,KB0057616,KB0057616,,,,,,,,,,,,,
how do i install software as an admin,"KB0023092,KB0023092,by opening self-service and running the ""grant temporary admin rights"" button",,,,,,,,,,,,,,,
register visitors to office,KB0056354,KB0056354,KB0056354,KB0073057,KB0072748,KB0056354,KB0056354,,,,,,,,,
replace laptop,KB0050229,KB0045080,KB0045080,KB0048340,KB0048340,,,,,,,,,,,
report phising,KB0042025,KB0045667,KB0010521,KB0010521,,,,,,,,,,,,
internal transfer guidelines,KB0052163,KB0052163,KB0056793,KB0052354,,,,,,,,,,,,
request somehting else,KB0055345,KB0053969,KB0053961,KB0053959,KB0053970,KB0053960,KB0053966,KB0053958,,,,,,,,
request something from it,KB0053969,KB0053961,KB0053959,KB0053970,KB0053960,KB0053966,KB0053958,,,,,,,,,
how to setup rsa,KB0056723,KB0053384,KB0008655,KB0046347,KB0006026,,,,,,,,,,,
servicenow support youtube,KB0047998,KB0057725,KB0055529,KB0074202,KB0055529,,,,,,,,,,,
reset active directory password,KB0052237,KB0052237,KB0073551,KB0073570,KB0073792,,,,,,,,,,,
record retention policy,KB0055957,KB0055957,KB0055957,KB0035723,KB0011819,KB0011819,KB0072539,KB0072539,KB0072635,KB0072635,KB0069803,KB0069803,KB0069803,KB0073409,KB0073409,KB0071714
how to change base pay in workday?,KB0052508,KB0052508,KB0052508,KB0046440,KB0046440,,,,,,,,,,,
cell phone policy,KB0054348,KB0045945,KB0005428,,,,,,,,,,,,,
corporate credit card policy,KB0042148,KB0042148,KB0005559,,,,,,,,,,,,,
credit card netherlands,KB0042148,KB0005559,KB0042148,,,,,,,,,,,,,
request cell phone,KB0054348,KB0054342,KB0054341,KB0054348,,,,,,,,,,,,
mobile policy,KB0005428,KB0054342,KB0054349,KB0054341,KB0045945,KB0045945,KB0072382,,,,,,,,,
global internal transfer,KB0053236,KB0053236,KB0052407,,,,,,,,,,,,,
retention policy changes,KB0011819,KB0073409,KB0055957,,,,,,,,,,,,,
what is attrition?,KB0053294,KB0054778,KB0050941,,,,,,,,,,,,,
snca v2 business role,KB0053383,KB0058047,KB0053319,KB0053319,,,,,,,,,,,,
software installation,KB0043167,KB0043167,KB0074089,,,,,,,,,,,,,
submitting an incident,KB0044257,KB0074222,KB0006918,,,,,,,,,,,,,
create job requisition,KB0054357,KB0054834,KB0052368,,,,,,,,,,,,,
transfer phone,KB0054342,KB0054341,KB0054348,,,,,,,,,,,,,
travel approval policy,KB0055931,KB0005559,KB0005559,,,,,,,,,,,,,
operational excellence templates,KB0048902,KB0048902,KB0048902,,,,,,,,,,,,,
how to get okta verify in my new mobile,KB0043359,KB0043359,KB0043360,KB0005428,,,,,,,,,,,,
how do customers access core,KB0044579,KB0043769,KB0043870,KB0072408,KB0073790,KB0073790,KB0043870,,,,,,,,,
upgrade big sur,KB0054399,KB0045764,KB0054399,,,,,,,,,,,,,
upgrade to big sur,KB0054399,KB0045764,KB0054399,,,,,,,,,,,,,
how to check my pay,KB0010007,KB0010006,KB0052013,,,,,,,,,,,,,
upgrade my device,KB0005428,KB0005428,KB0005428,KB0054348,KB0044333,,,,,,,,,,,
what is the servicenow fiscal calendar,KB0054425,KB0070182,KB0058361,KB0074360,,,,,,,,,,,,
how to request vacation on workday,KB0056299,KB0056547,KB0056188,KB0056186,KB0056548,KB0056546,KB0056300,KB0045768,KB0045768,KB0003023,,,,,,
laptop upgrade,KB0054243,KB0050229,KB0050229,KB0050229,,,,,,,,,,,,
order new phone,KB0054348,KB0054348,KB0054341,KB0054348,KB0054348,,,,,,,,,,,
usage definitions and data quality,KB0051519,KB0051519,KB0051519,,,,,,,,,,,,,
outlook retention policy,KB0011819,KB0055898,KB0011700,KB0011700,KB0073409,KB0073409,,,,,,,,,,
email retention,KB0011819,KB0073409,KB0073409,KB0011700,,,,,,,,,,,,
how to submit request for travel request,KB0058058,KB0048524,KB0055931,KB0005559,KB0005559,,,,,,,,,,,
how to add multiple cis,KB0073572,KB0070368,KB0070352,,,,,,,,,,,,,
employee privacy statement france,KB0057493,KB0056644,KB0048851,KB0048851,,,,,,,,,,,,
global internal transfer policy,KB0052407,KB0052302,KB0053236,KB0054869,KB0052163,KB0052407,,,,,,,,,,
reset snca password,KB0053383,KB0057778,KB0053384,KB0053386,KB0057774,KB0057780,KB0058047,KB0053385,,,,,,,,
snca unable to connect,KB0053386,KB0057780,KB0053385,KB0053396,,,,,,,,,,,,
snca v2/v3 account locked,KB0057778,KB0058102,KB0058047,KB0053319,,,,,,,,,,,,
how to change laptop password,KB0054047,KB0054047,KB0054047,KB0026287,,,,,,,,,,,,
what is now buying program?,KB0025221,KB0056438,KB0010460,,,,,,,,,,,,,
employee benefits india,KB0056866,KB0056009,KB0004084,KB0056164,KB0056011,KB0056011,KB0056011,KB0055896,KB0055834,KB0055834,,,,,,
how to use affected cis,KB0070646,KB0070080,KB0073562,KB0071357,KB0070757,KB0073581,,,,,,,,,,
request hop access,KB0072547,KB0072345,KB0072465,KB0072370,KB0057543,,,,,,,,,,,
order busines cards,KB0004573,KB0004573,KB0001846,,,,,,,,,,,,,
how to accept paf,KB0054157,KB0053843,KB0053843,,,,,,,,,,,,,
how to interview,KB0051446,KB0054360,KB0054872,KB0005865,KB0005865,,,,,,,,,,,
what is the on demand promotion process,KB0052508,KB0046440,KB0053802,,,,,,,,,,,,,
how do i change my name, address, phone number, or email address?,KB0002777,KB0002777,,,,,,,,,,,
what passwd is needed to access amazon workspace,KB0053386,KB0053383,KB0053383,KB0053384,KB0053396,,,,,,,,,,,
what happens to my rsu when i leave,KB0036738,KB0036738,KB0036738,,,,,,,,,,,,,
how do i access immedis?,KB0056520,KB0056520,KB0056327,KB0056327,,,,,,,,,,,,
how can i update my work phone number in workday,KB0054348,KB0054342,KB0002777,,,,,,,,,,,,,
apply for position,KB0056793,KB0052354,KB0052373,KB0054869,KB0052355,,,,,,,,,,,
request zoom meeting recording,KB0051374,KB0046148,KB0046148,,,,,,,,,,,,,
how to access cloudvpn,KB0053384,KB0051363,KB0045221,KB0045221,KB0053456,KB0057001,KB0057001,KB0071764,,,,,,,,
when is bonus payout,KB0054168,KB0054157,KB0005491,KB0054446,,,,,,,,,,,,
where can i expense the office chair i bought,KB0057834,KB0054972,KB0049667,,,,,,,,,,,,,
parental leave us,KB0046510,KB0056804,KB0011316,,,,,,,,,,,,,
the mobility management policy,KB0046293,KB0045945,KB0007575,,,,,,,,,,,,,
how to request new rsa,KB0056723,KB0056715,KB0006026,,,,,,,,,,,,,
how to change a priority,KB0071316,KB0071289,KB0071367,KB0074222,,,,,,,,,,,,
how does email flow,KB0071897,KB0072360,KB0071868,,,,,,,,,,,,,
where to find data processing addendum,KB0044599,KB0073232,KB0073191,,,,,,,,,,,,,
cloud vpn pin reset,KB0006026,KB0051576,KB0051576,,,,,,,,,,,,,
ordering business cards,KB0004573,KB0004573,KB0001846,,,,,,,,,,,,,
lyra mental health,KB0055859,KB0052496,KB0057677,KB0004456,KB0011097,,,,,,,,,,,
mexico benefits,KB0055324,KB0008751,KB0055324,,,,,,,,,,,,,
vpn password reset,KB0053386,KB0026287,KB0073551,KB0073570,,,,,,,,,,,,
work from home reimbursement,KB0057834,KB0057031,KB0049667,KB0057031,KB0057834,,,,,,,,,,,
work location change,KB0054972,KB0054972,KB0057030,KB0054971,KB0057042,KB0057042,KB0057031,KB0057029,,,,,,,,
when can i sell stock,KB0011978,KB0036738,KB0008505,,,,,,,,,,,,,
what happens to vested stock when i leave company,https://k8s0277901-node1.sdthunder.lab3.service-now.com/esc?id=kb_article&table=kb_knowledge&sys_kb_id=fe69756a1bfc05d0848177bc1d4bcb60#Q6,KB0036738,KB0036738,KB0036738,,,,,,,,,,,,
change employee title,KB0052374,KB0054157,KB0049024,KB0049024,,,,,,,,,,,,
how to check if user has snca v2 acces,KB0058047,KB0053319,KB0052239,,,,,,,,,,,,,
cisco jabber how to install,KB0044153,KB0043808,KB0008979,,,,,,,,,,,,,
how to get access to bd tableau dashboard,https://k8s0277901-node1.sdthunder.lab3.service-now.com/esc?id=kb_article&table=kb_knowledge&sys_kb_id=2eb02b76db429410ca4bc4be13961919,KB0043278,KB0043278,,,,,,,,,,,,,
how to apply for a corporate credit card,KB0042148,KB0005559,KB0005559,,,,,,,,,,,,,
iam access,KB0052198,KB0051221,KB0051221,KB0051221,,,,,,,,,,,,
how do i get a badge,KB0053359,KB0056354,KB0056354,KB0050824,,,,,,,,,,,,
aws workspace setup,KB0053383,KB0053383,KB0053384,KB0053384,KB0058047,KB0058047,KB0053319,KB0053319,,,,,,,,
software development lifecycle sop,KB0073618,KB0057518,KB0073641,KB0072628,KB0072522,KB0073621,KB0072626,KB0073202,,,,,,,,
order phone,KB0054348,KB0054341,KB0054348,,,,,,,,,,,,,
what is sla,KB0074028,KB0074027,KB0073583,KB0073583,,,,,,,,,,,,
new vendor assessment,KB0051241,KB0073808,KB0048645,KB0074160,KB0074160,,,,,,,,,,,
grant temporary admin,KB0029428,KB0023092,KB0023092,KB0029423,KB0029423,KB0053385,KB0056795,KB0056795,KB0056795,KB0041484,,,,,,
vacation days netherland,KB0056549,KB0054195,KB0056549,,,,,,,,,,,,,
how much leave balance do i ahve,KB0056299,KB0056786,KB0056866,,,,,,,,,,,,,
how many days holiday do i have left,KB0056300,KB0056179,KB0055913,KB0056188,KB0056187,KB0056190,KB0056548,KB0045768,KB0056194,,,,,,,
show me all about zscaler,KB0053259,KB0053260,KB0053260,KB0052945,KB0054255,KB0054464,KB0054464,,,,,,,,,
request for single sign on (sso),KB0073770,KB0073791,KB0073673,,,,,,,,,,,,,
benefits enrollment canada,KB0002886,KB0002886,KB0002886,,,,,,,,,,,,,
time off balance,KB0055913,KB0058238,KB0056550,KB0056944,KB0056548,KB0045768,KB0056300,KB0056776,,,,,,,,
amazon workspace password reset,KB0053383,KB0053384,KB0053386,KB0053385,KB0053385,,,,,,,,,,,
amazon workspace issue,KB0053383,KB0053384,KB0053386,KB0053385,KB0053396,,,,,,,,,,,
additional badge or key access,KB0072754,KB0072751,KB0072744,,,,,,,,,,,,,
how to find the sam for a given account,KB0012807,KB0012807,KB0044906,,,,,,,,,,,,,
ldap access request,KB0051221,KB0051221,KB0051221,KB0053319,,,,,,,,,,,,
creating and editing knowledge base articles in surf,KB0057096,KB0057088,KB0057094,KB0057092,KB0001853,,,,,,,,,,,
aws user access request,KB0057495,KB0057495,KB0057865,,,,,,,,,,,,,
how to expense airfare,KB0006398,KB0005559,KB0005559,,,,,,,,,,,,,
remote employee policy,KB0057314,KB0054972,KB0054972,KB0054971,KB0057031,,,,,,,,,,,
personal device policy,KB0054348,KB0054348,KB0046293,KB0072110,,,,,,,,,,,,
300 office expense,KB0057834,KB0057031,KB0049667,,,,,,,,,,,,,
2021 bonus policy,KB0057511,KB0054425,KB0058361,,,,,,,,,,,,,
$300 home office expense,KB0057834,KB0057031,KB0049667,KB0049667,KB0049667,,,,,,,,,,,
how much is the referral bonus,KB0005491,KB0049687,KB0005491,,,,,,,,,,,,,
$300 home office,KB0057834,KB0057031,KB0049667,KB0049667,KB0049667,,,,,,,,,,,
need something else,KB0053965,KB0055345,KB0055345,KB0053969,KB0053961,KB0053959,KB0053970,KB0053960,KB0053966,KB0039901,KB0039901,KB0039901,KB0053963,,,
sap access request,KB0048226,KB0052544,KB0052544,,,,,,,,,,,,,
how to enter a purchase requisition,KB0005425,KB0054681,KB0055104,KB0054699,KB0043366,KB0043366,KB0043366,,,,,,,,,
snca v2/v3 password reset,KB0053383,KB0057778,KB0058047,,,,,,,,,,,,,
request adm account,KB0039901,KB0011973,KB0006082,KB0006083,KB0011973,,,,,,,,,,,
how do i open a backfill,KB0052368,KB0052391,KB0052354,KB0052372,,,,,,,,,,,,
time away india,KB0056866,KB0056866,KB0056866,,,,,,,,,,,,,
us benefits,KB0004456,KB0004456,KB0004456,,,,,,,,,,,,,
refer a candidate,KB0005491,KB0005491,KB0054869,KB0054358,KB0005491,KB0005491,,,,,,,,,,
cloud vpn reset pin,KB0006026,KB0006026,KB0051576,,,,,,,,,,,,,
how to track referral bonus,KB0005491,KB0054869,KB0049687,,,,,,,,,,,,,
what to do if an employee experiences trauma?,KB0055859,KB0055859,KB0055859,KB0052496,KB0052496,KB0052496,,,,,,,,,,